organisme;salaire;trailer;CDI_CDD;lieu;experience;salaire mini;salaire maxi
HARNHAM;45 - 65 k€ brut annuel ;LE RÔLE :  Vous intégrerez l’équipe R&D en tant que Data Scientist :  · Comprendre le besoin de l’utilisateur final.  · Présentation de la plateforme et formation des utilisateurs finaux sur son fonctionnement.  · Concevoir, construire, intégrer et maintenir un code efficace.  ·...;CDI ;Paris 17 - 75 ;Aucune expérience exigée;45;65
Full Data Management;35 - 45 k€ brut annuel ;Dans le cadre de notre développement, nous recherchons des profils de Data Scientist pour nos besoins clients.    Environnement technique :  - Python  - R  - SQL  - NOSQL  - Machine Learning  - Deep Learning  - SAS  - Spark  Cloud : GCP / AWS / Azure  Méthodologie : Agile   ...;CDI ;Lille - 59 ;Minimum 2 ans;35;45
TALENTS RH;45 - 50 k€ brut annuel ;Missions :  -Appliquer les statistiques, le machine learning et les approches analytiques pour résoudre les problèmes business -Transformer les volumes de Big Data en informations utiles et exploitables -Traiter la Big Data, avec une certaine expertise dans le domaine de la...;CDI ;Lille - 59 ;Minimum 5 ans;45;50
Groupe Demeter;A partir de 20 k€ brut annuel ;Nous recherchons plusieurs consultants pour venir renforcer les expertises Data du cabinet. Vous évoluerez sur des périmètres clients divers tels que : * Analytics et Data Intelligence * DataScience et Big Data * Business intelligence et Data Visualisation * Méthodes et...;CDI ;Neuilly-sur-Seine - 92 ;Minimum 6 ans;20;20
autobiz;A partir de 20 k€ brut annuel ;Vous venez de soutenir votre thèse de doctorat et recherchez votre première expérience ? En qualité de Data Scientist, vous participez à l’élaboration et au suivi des nombreux projets afin d’aider le pôle Data à se développer. A cet effet, vous serez amené(e) à interagir avec...;CDI ;Courbevoie - 92 ;Minimum 2 ans;20;20
Yzee Services;A partir de 40 k€ brut annuel ;Rattaché au Pôle de la Transformation, et au sein de l'équipe Analytique et Data Science, le Data Scientist aura pour objectif d’analyser et d’exploiter les datas de nos activités de la relation clients.   A ce titre vous intervenez sur les missions suivantes :  Recueillir,...;CDI ;Vendin-le-Vieil - 62 ;Minimum 3 ans;40;40
e-Consulting RH Nord;A partir de 40 k€ brut annuel ;Rattaché(e) au Service Sales Analytics, le/la Data scientist Revenue Management participe à des missions à 360° grâce à ses interactions avec les différentes directions de l’entreprise (Top management, Commerciale, Marketing et Ventes Directes, Contrôle de Gestion, Exploitation...;CDI ;Aix-en-Provence - 13 ;Minimum 3 ans;40;40
Walters People France;30 - 33 k€ brut annuel ;Une banque renommée, leader sur son marché recherche un(e) data scientist H/F pour un contrat à durée indéterminée à pouvoir très rapidement à Perpignan.     Vous rejoindrez une structure offrant de belles perspectives d'évolution dans un environnement dynamique et exigeant. ...;CDI ;Toulouse - 31 ;Minimum 2 ans;30;33
agap2 IT;35 - 50 k€ brut annuel ;Au sein d'une équipe de 10 personnes, vous serez amené intervenir notamment dans le secteur de la défense, sur des sujets liés aux systèmes d'informations critiques / cybersécurité, ou encore dans le secteur de la finance dans le cadre du développement d'une plateforme de...;CDI ;Boulogne-Billancourt - 92 ;Tous niveaux d'expérience acceptés;35;50
Work Agency Marseille;40 - 50 k€ brut annuel ;Work Agency recherche un Data Scientist sur le pays Aixois , pour son client issu du secteur industrielle. En charge du développement de nouveaux algorithmes pour le traitement et l'analyse données, vous serez en charge de développer et intégrer des algorithmes de machine...;CDI ;Aix-en-Provence - 13 ;Minimum 1 an;40;50
HARWELL MANAGEMENT;40 - 80 k€ brut annuel ;Afin d'accompagner notre croissance, nous recherchons un(e) Data Scientist afin d’intervenir chez nos prestigieux clients issus du monde bancaire, financier et assurantiel.  Au sein des Directions des Systèmes d’Information et des départements traitant les problématiques de Big...;CDI ;Paris 16 - 75 ;Minimum 4 ans;40;80
CLEEVEN SE;25 - 40 k€ brut annuel ;Au sein de nos équipes de data science, nous recherchons notre futur data scientist pour nous accompagner dans différents projets mettant en oeuvre les techniques fondamentales de statistiques prédictives (Machine Learning).  Vous aurez de nombreuses missions telles que : ...;CDI ;Biot - 06 ;Tous niveaux d'expérience acceptés;25;40
COFIDIS GROUP;40 - 50 k€ brut annuel ;Être Data Scientist, c'est être au coeur de la valorisation des données. Rattaché(e) au service Data et nouvelles technologies de la Direction de la Donnée de Synergie, vous êtes à la fois expert pour les filiales du groupe des langages d'exploitation des données Big Data et des...;CDI ;Villeneuve-d'Ascq - 59 ;Minimum 2 ans;40;50
UMLAUT;45 - 45 k€ brut annuel ;"notre öffre  vous participerez à la définition et au développement de nouveaux concepts et outils utilisés dans le traitement automatique et l'analyse des big data. Vous serez chargé(e) de :  Recueillir et analyser les besoins du client pour proposer des solutions; Réaliser des...";CDI ;Blagnac - 31 ;Minimum 2 ans;45;45
CAISSE REGIONALE DE CREDIT AGRICOLE MUT SUD-MEDITERRANEE (ARIEGE ET PYRENEES ORIENTALES);A partir de 33 k€ brut annuel ;Développer des algorithmes d’apprentissage automatique selon les besoins du service en lien transversal avec le réseau commercial et les services sièges.  Construire des modèles de machine learning.  Mener les études préalables au développement des actions marketing (étude de...;CDI ;Perpignan - 66 ;Tous niveaux d'expérience acceptés;33;33
DAVIDSON DIGITAL EST;A partir de 32 k€ brut annuel ;Profil / Mission  Dans le cadre de projets Data Science menés par Davidson pour ses clients dans des secteurs variés (Gaming, Luxe, Télécoms, Finance, etc.), tu interviendras en tant que spécialiste ML & DL. Ta mission consistera à accompagner des experts métiers sur des...;CDI ;Strasbourg - 67 ;Tous niveaux d'expérience acceptés;32;32
SENAT;A partir de 60 k€ brut annuel ;L’expert de la donnée apportera une expertise technique et méthodologique au secrétariat de la commission des finances et réalisera notamment les activités suivantes :  - assurer une veille et identifier les données pertinentes à acquérir et à traiter pour les travaux de la...;CDD ;Paris 06 - 75 ;Minimum 3 ans;60;60
Qapa;40 - 75 k€ brut annuel ;Au sein de l’équipe R&D : • Concevoir et développer des algorithmes de machine learning et de deep learning pour analyser les Cvs, matcher les candidats avec les offres, prédire les salaires horaires. • Evaluer leur efficacité, leur performance et limitations et communiquer les...;CDI ;Grenoble - 38 ;Minimum 1 an;40;75
AUTOVISION;28 - 30 k€ brut annuel ;Sous la responsabilité du Responsable Technique et du superviseur Data vos missions principales seront notamment les suivantes :  - Proposer des outils de surveillance des différentes sources d’informations disponibles (base de données contrôle technique, alertes anomalies),  -...;CDI ;Montreuil - 93 ;Tous niveaux d'expérience acceptés;28;30
KAISENS DATA;38 - 48 k€ brut annuel ;"En tant que Data Scientist, vos missions?sont :  Concevoir des modélisations statistiques et des algorithmes pour exploiter les données.; Impulser des démarches innovantes sur des segments à fortes valeurs ajoutées.; Elaborer des modèles prédictifs afin d’anticiper l’évolution...";CDI ;Fontenay-sous-Bois - 94 ;Minimum 1 an;38;48
HARNHAM;70 - 80 k€ brut annuel ;LE RÔLE  Vous serez impliqué dans les efforts concernant notre plateforme de reciblage et notre plateforme de prédiction de LTV.  · Travailler en lien avec l’équipe Data Engineer (planification, Git PRs, examen des résultats, etc.)  · Perfectionner des algorithmes déjà...;CDI ;Paris 01 - 75 ;Minimum 5 ans;70;80
AQUILA DATA ENABLER;A partir de 45 k€ brut annuel ;"Au sein du Lab d’Aquila, vous travaillerez sur plusieurs projets, en tant que Data Scientist (F/H) spécialisé NLP / Text mining / reconnaissance vocale.  Vos missions seront :  Accompagnement du client pour l’émergence des besoins centrés sur la donnée; Etude de la problématique...";CDI ;Courbevoie - 92 ;Tous niveaux d'expérience acceptés;45;45
D3S;50 - 90 k€ brut annuel ;"Data Scientists spécialistes en conception d'algorithmes innovants et développement de solutions logicielles.  Vous rejoindrez une équipe formée dans des établissements prestigieux (X, ENS, Centrale, Supaero, Ensimag, etc.); Vous participerez à l’analyse de données et au...";CDI ;Grenoble - 38 ;Tous niveaux d'expérience acceptés;50;90
SIXFOISSEPT;A partir de 50 k€ brut annuel ;Vous savez écouter… et comprendre une problématique métier.  Vous savez tester vos hypothèses, valider vos résultats et avez une forte appétence pour la programmation... Plutôt que le clic-bouton !  Vous savez être force de proposition et avez à cœur de convaincre (et d’écouter)...;CDI ;Paris 02 - 75 ;Minimum 4 ans;50;50
Bouygues Telecom;40 - 50 k€ brut annuel ;Nos données peuvent nous aider, elles sont nombreuses et très variées, mais elles ont besoin d'un spécialiste pour les aider à parler et accompagner les différentes équipes dans l'innovation (Marketing, Commerce, Digital, TV, …). Nous sommes une équipe de 7 Data...;CDI ;Meudon - 92 ;Minimum 2 ans;40;50
Bouygues Telecom;40 - 50 k€ brut annuel ;Nos données peuvent nous aider, elles sont nombreuses et très variées, mais elles ont besoin d'un spécialiste pour les aider à parler et accompagner les différentes équipes dans l'innovation (Marketing, Commerce, Digital, TV, …).  Nous sommes une équipe de 7 Data...;CDI ;Meudon - 92 ;Minimum 2 ans;40;50
Bouygues Telecom;40 - 50 k€ brut annuel ;Nos données peuvent nous aider, elles sont nombreuses et très variées, mais elles ont besoin d'un spécialiste pour les aider à parler et accompagner les différentes équipes dans l'innovation (Marketing, Commerce, Digital, TV, …). Nous sommes une équipe de 7 Data...;CDI ;Meudon - 92 ;Minimum 2 ans;40;50
AQSONE;A partir de 40 k€ brut annuel ;"Description du poste  Vous êtes créatif.ve et passionné.e par la Data Science ?; Vous aimez répondre à des problématiques métier concrètes ?; Vous aspirez à enrichir vos compétences et à évoluer dans un environnement stimulant ?; Vous voulez mettre en œuvre la Data Science pour...";CDI ;Boulogne-Billancourt - 92 ;Minimum 1 an;40;40
SIDERLOG;35 - 45 k€ brut annuel ;"Vous travaillez en relation directe avec le client et intégrez une équipe de consultants Siderlog, vous devrez :  Collecter les besoins et assister à la rédaction de cahiers des charges auprès des directions fonctionnelles (outils, modèles, choix d’indicateurs, …); Concevoir et...";CDI ;Nantes - 44 ;Minimum 3 ans;35;45
NANO CORP;A partir de 55 k€ brut annuel ;Vous serez amené.es à :  · Rendre compréhensible de vastes volumes de données réseaux au travers de dashboards dynamiques et de visualisations custom complexes  · Etudier les données en possession de l’entreprise qui permettront de définir les données qui seront extraites et...;CDI ;Paris 10 - 75 ;Minimum 3 ans;55;55
Geosys SAS;A partir de 45 k€ brut annuel ;L’agriculture fait face à des challenges sans?précédent?: le changement climatique induit des risques accrus, et les agriculteurs doivent maintenir voire améliorer leur productivité tout en réduisant leur impact environnemental. ?Rejoignez EarthDaily Agro pour contribuer à...;CDI ;Balma - 31 ;Minimum 5 ans;45;45
MYCOM FRANCE;A partir de 60 k€ brut annuel ;FOCUS :  Le rôle a un impact direct sur la croissance des activités de l’entreprise. Vous contribuerez grandement à influencer et à mettre en œuvre la vision stratégique de l’entreprise en matière de cas d’utilisation de l’IA / ML. Vous mènerez des activités de science des...;CDI ;Puteaux - 92 ;Minimum 5 ans;60;60
KAISENS DATA;45 - 65 k€ brut annuel ;Kaisens Data est un éditeur de solutions logicielles en I.A / Data science avec une filiale de conseil, qui accompagne les sociétés de CAC40 dans les domaines de l'industrie, l'aéronautique, les banques et les assurances.  Afin d'accélérer notre programme de recherche et de...;CDI ;Fontenay-sous-Bois - 94 ;Minimum 1 an;45;65
AQUILA DATA ENABLER;A partir de 45 k€ brut annuel ;Au sein du Lab interne d’Aquila Data Enabler, vous travaillerez sur plusieurs projets pour le compte de différents clients, en tant que Data Scientist (F/H), notamment sur les projets concernant le traitement du signal.  Vos missions seront :  Accompagnement des clients pour...;CDI ;Courbevoie - 92 ;Tous niveaux d'expérience acceptés;45;45
AQSONE;A partir de 60 k€ brut annuel ;"Description du poste  Vous êtes créatif.ve et passionné.e par la Data Science ?; Vous aimez répondre à des problématiques métier concrètes ?; Vous aspirez à enrichir vos compétences et à évoluer dans un environnement stimulant ?; Vous voulez mettre en œuvre la Data Science pour...";CDI ;Boulogne-Billancourt - 92 ;Minimum 5 ans;60;60
Kicklox;35 - 50 k€ brut annuel ;Description du poste :  Postulez chez Kicklox pour accéder aux opportunités cachées chez nos plus de 1000 entreprises partenaires.  On recherche activement plusieurs Data Scientists pour le compte de nos clients (startups ou grands groupes).  Les missions pour ce rôle seront : ...;CDI ;Paris 01 - 75 ;Tous niveaux d'expérience acceptés;35;50
MANAGEMENT INFORMATIQUE & NOUVELLES TECHNOLOGIES CONSEIL;45 - 60 k€ brut annuel ;Dans le cadre du développement de nos activités nous recherchons pour nos clients grands coimotes du secteur télécom un Consultant data Scientist et Python.  Le contexte du projet est de compléter l’une des squads du périmètre MEA pour  Répliquer le use case smart capex dans de...;CDI ;Paris 01 - 75 ;Aucune expérience exigée;45;60
Antoine Van Eeckhout;35 - 45 k€ brut annuel ;Au sein d'une société ETI dans le domaine de l'IT (Bureautique, Cloud et Logiciels), vous aurez pour mission d'aider au développement informatique d'un outil de mesure et de réduction de l'empreinte carbone dans le domaine du numérique en collaboration avec l'équipe GREEN IT. ...;CDI ;Rillieux-la-Pape - 69 ;Tous niveaux d'expérience acceptés;35;45
Antoine Van Eeckhout;35 - 45 k€ brut annuel ;Au sein d'une société ETI dans le domaine de l'IT (Bureautique, Cloud et Logiciels), vous aurez pour mission d'aider au développement informatique d'un outil de mesure et de réduction de l'empreinte carbone dans le domaine du numérique en collaboration avec l'équipe GREEN IT. ...;CDI ;Lyon 02 - 69 ;Tous niveaux d'expérience acceptés;35;45
SILKHOM;50 - 60 k€ brut annuel ;Sous la responsabilité du CTO, en binôme avec un Data Scientist, et au sein d’une équipe composée de 2 développeurs et d’un PO, vous concevrez un calculateur d’empreinte carbone.  Dans un premier temps, vous créerez une architecture permettant d’ingérer des fichiers PDF ou Excel...;CDI ;Paris 08 - 75 ;Minimum 1 an;50;60
Unédic;A partir de 45 k€ brut annuel ;Au sein du département « Aide à la décision » (env. 6 personnes) de la Direction Etudes et Analyses (DEA) de l’Unédic, sous la responsabilité du responsable de département, il/elle a pour principales missions de :  Réaliser des études et des analyses relatives au marché du...;CDI ;Paris 12 - 75 ;Tous niveaux d'expérience acceptés;45;45
Unédic;A partir de 45 k€ brut annuel ;Au sein du département « Etudes, Evaluation et Prévision » (8 personnes) de la Direction Etudes et Analyses (DEA) de l’Unédic, sous la responsabilité du responsable de département, il/elle a pour principales missions de :  Réaliser des études et des analyses relatives au marché...;CDI ;Paris 12 - 75 ;Tous niveaux d'expérience acceptés;45;45
FACTSET JCF;A partir de 80 k€ brut annuel ;"Que ferez-vous ?  Diriger une équipe d’ingénieurs et de développeurs en machine learning Aider à concevoir des solutions avec ML et NLP; Veiller à être aligné avec les besoins de l’entreprise ; Montrer la voie aux membres débutants de l’équipe; Collaborer avec d’autres équipes...";CDI ;Paris 09 - 75 ;Minimum 8 ans;80;80
REUNIWATT;30 - 42 k€ brut annuel ;Contexte  Afin de couvrir les différents besoins en prévision de ses clients, Reuniwatt a développé un large éventail de technologies. Avec pour enjeu final la sécurité de l’approvisionnement en énergie, les chaînes d’acquisition et de traitements doivent répondre aux exigences...;CDI ;Saint-Pierre - 974 ;Tous niveaux d'expérience acceptés;30;42
BLOCKSI SAS;38 - 39 k€ brut annuel ;Blocksi SAS est à la recherche d'un ingénieur Data Scientist spécialisé dans le traitement automatique du langage (Natural Language Processing) avec au moins 1 an d'expérience dans une entreprise ou un centre de recherche traitant de ces technologies.  Cet ingénieur Data...;CDI ;Valbonne - 06 ;Minimum 1 an;38;39
TRSB;A partir de 50 k€ brut annuel ;Sur la base de discussions avec le Product owner, les experts métiers, les responsables applicatifs et les développeurs, vous serez chargé de :  - Acquérir une compréhension claire des business cases, de l'application et des expériences NLP déjà exécutées.  - Fournir un énoncé...;CDI ;Paris 08 - 75 ;Minimum 5 ans;50;50
MR Search;80 - 100 k€ brut annuel ;Vos missions principales seront les suivantes :    - Gestion de l’équipe de Data Scientists.  - Construire des modèles descriptifs et prédictifs sur des sujets en constante évolution.  - Accompagner la montée en compétences d’autres Data Scientists.  - Mener des projets...;CDI ;Paris 17 - 75 ;Minimum 10 ans;80;100
Seyos;A partir de 55 k€ brut annuel ;Notre client est un Ã©diteur franÃ§ais, ayant pour objectif de fournir des solutions de recrutement aux entreprises et Ã©tablissements d'enseignement supÃ©rieur dans le but de recruter leurs nouveaux talents et surtout de faciliter l'insertion des récent(e)s diplÃ´mÃ©(e)s dans...;CDI ;Paris 01 - 75 ;Minimum 5 ans;55;55
OBE CONSULTING;A partir de 40 k€ brut annuel ;En tant que Data Engineer confirmé vos tâches principales sont les suivantes :  - Développer des workflows de données sur environnements Big Data (Hadoop, Pig, Spark, Kafka, …)  - Participer au développement de nouvelles solutions  - Collaborer avec les Data Scientist de...;CDI ;Valbonne - 06 ;Minimum 2 ans;40;40
BLOCKSI SAS;35 - 42 k€ brut annuel ;- Concevoir l’architecture technique nécessaire pour la valorisation de données . Définir et valider les choix architecturaux des solutions [Big] Data à adopter.  - Fournir l’expertise technologique nécessaire pour développer les solutions data appropriées aux différents cas...;CDI ;Valbonne - 06 ;Minimum 1 an;35;42
SAS RECHERCHES ET HORIZONS;50 - 70 k€ brut annuel ;Au sein de l'équipe ML Ops et en collaboration avec les Data Scientist, vous allez récupérer les Pocs afin d'assurer leur mise en production et la création de l'infrastructure. Le but va être de faire en sorte que les algorithmes tournent en production. Vous allez ainsi faire de...;CDI ;Paris 01 - 75 ;Minimum 3 ans;50;70
avisto;35 - 50 k€ brut annuel ;AViSTO recherche un(e) ingénieur(e) Data pour intervenir en tant que Data Engineer/Data scientist au sein d'un projet de traitement de la donnée dans le secteur du semi-conducteur.  Vous travaillez depuis notre bureau d'étude au sein de l'équipe Data Analystics.  Dans ce...;CDI ;Cachan - 94 ;Minimum 2 ans;35;50
Silkhom;45 - 60 k€ brut annuel ;Relié au responsable BU Digital, vous travaillerez en méthodologie agile sur la création d’une application capable de reconnaître les pièces des voies ferrées et leur offrir une seconde vie.  Au sein de ce véritable laboratoire technologique, vous serez accompagné de deux Data...;CDI ;Lille - 59 ;Minimum 3 ans;45;60
DIGIT VALUE;40 - 45 k€ brut annuel ;Mission  Au sein d’une équipe Data en charge de la conception d’algorithme en IA et management de la donnée, vous travaillerez en étroite collaboration avec les Data Scientist, à l’industrialisation et la mise en production des data des solutions logicielles.  Votre mission sera...;CDI ;Valbonne - 06 ;Minimum 3 ans;40;45
Datatorii;45 - 55 k€ brut annuel ;La communication en entreprise, interne ou externe, est de plus en plus influencée par la restitution de données, que ce soit via des dashboards, des rapports interactifs ou des présentations au Top Management.  Chez Datatorii, vous évoluerez au sein d’un dispositif...;CDI ;Paris 01 - 75 ;Tous niveaux d'expérience acceptés;45;55
Datatorii;45 - 55 k€ brut annuel ;Vous effectuez des missions à forte valeur ajoutée au sein de dispositifs pluridisciplinaires (Ingénieur, Data Scientist, Architecte, Chef de projet, Formateur, etc.)  Vous intervenez en AMOA et MOE sur des projets majeurs de transformation des usages de la Business Intelligence...;CDI ;Paris 01 - 75 ;Tous niveaux d'expérience acceptés;45;55
GROUPE AYDON;35 - 45 k€ brut annuel ;"Acheminement de la donnée • Mise à disposition de la donnée aux équipes utilisatrices • Mise en production de modèles statistiques Suivi de projet de développement  • Développement job spark • Traitement et ingestion de plusieurs formats des données ; • Développement des scripts...";CDI ;Nantes - 44 ;Minimum 3 ans;35;45
Datatorii;45 - 55 k€ brut annuel ;Vous effectuez des missions à forte valeur ajoutée au sein de dispositifs pluridisciplinaires (Ingénieur, Data Scientist, Architecte, Chef de projet, Formateur, etc.)  Vous intervenez en AMOA et MOE sur des projets majeurs de transformation des usages de la Business Intelligence...;CDI ;Paris 01 - 75 ;Tous niveaux d'expérience acceptés;45;55
MYCOM FRANCE;A partir de 65 k€ brut annuel ;Objectif :  Ce rôle a un impact direct sur la croissance des activités de l’entreprise. Vous contribuez grandement à influencer et à mettre en œuvre la vision stratégique de l’entreprise en matière de cas d’utilisation de l’IA / ML au sein de nos clients.  Vous travaillerez en...;CDI ;Puteaux - 92 ;Minimum 5 ans;65;65
Aide rh;45 - 45 k€ brut annuel ;Afin de pouvoir absorber toute la complexité des Supply Chain de nos clients ?, la plateforme présente une forte logique métier, avec différents services imbriqués qui communiquent entre eux. Nous cherchons donc un ?Full-Stack Engineer,? capable de résoudre des problèmes ?. Au...;CDI ;Paris 01 - 75 ;Tous niveaux d'expérience acceptés;45;45
SILKHOM;45 - 60 k€ brut annuel ;Rattaché au CEO de l’entreprise, et en binôme avec un autre Ingénieur Data, vous travaillerez en lien avec les ingénieurs logiciel et chefs de projets notamment sur les sujets suivants :  ?L’amélioration de l’algorithme de scoring produit  ?L’optimisation des chargements de...;CDI ;Marcq-en-Baroeul - 59 ;Minimum 2 ans;45;60
Aide rh;55 - 55 k€ brut annuel ;Dans le cadre de notre croissance, nos équipes Tech grandissent. Nous créons une nouvelle Squad et nous recherchons le(la) futur manager de celle-ci.En tant que Lead Software Engineer, ta mission principale sera d'assurer la qualité et la vélocité des développements sur le...;CDI ;Paris 01 - 75 ;Minimum 4 ans;55;55
SILKHOM;40 - 50 k€ brut annuel ;Au sein d’une équipe technique de 3 personnes (1 CTO, 1 Data Scientist, 1 Développeur front), vous travaillez sur l’application mobile utilisée par les consommateurs.  Vos taches seront les suivantes : - Analyser les exigences techniques en fonction des cahiers des charges -...;CDI ;Limonest - 69 ;Minimum 2 ans;40;50
Louise Rochas;40 - 50 k€ brut annuel ;Au sein d’une équipe technique de 3 personnes (1 CTO, 1 Data Scientist, 1 Développeur front) évoluant en méthodologie Agile vous travaillez sur une application permettant à l’entreprise d’améliorer son activité, la production de vêtements et l’utilisation de ceux-ci :  Vos...;CDI ;Limonest - 69 ;Minimum 2 ans;40;50
JOBOPPORTUNIT;42 - 65 k€ brut annuel ;L'équipe informatique sur Londres est composée d'un CTO, également co-fondateur français, et de plusieurs Data Scientist, du lead dev et développeurs. Déjà 7 personnes ont été embauchées en passant par nous, et surtout, elles sont toujours en poste !  Encadré par le responsable...;CDI ;Valbonne - 06 ;Minimum 1 an;42;65
OPTIMA ENERGIE;30 - 40 k€ brut annuel ;Dans le cadre de sa très forte croissance, Optima Energie recrute sa.son futur.e Développeur.se en CDI.  Au sein de votre équipe composée du Responsable IT et de notre Data Scientist, vous apportez votre expertise technique et votre polyvalence sur l’ensemble de nos sujets IT,...;CDI ;Plescop - 56 ;Minimum 3 ans;30;40
Seyos;60 - 60 k€ brut annuel ;Notre client, est un Ã©diteur de logiciels SaaS composÃ© de 287 collaborateurs (147 sur Paris) qui dÃ©veloppe une plateforme de dÃ©tection des dÃ©clarations frauduleuses aux assurances grÃ¢ce Ã l'IA. Avec des agences Ã Boston, Tokyo, Singapour, Londres, Madrid, Zurich et Hong...;CDI ;Paris 12 - 75 ;Minimum 4 ans;60;60
Seyos;60 - 65 k€ brut annuel ;Notre client, est un Ã©diteur de logiciels SaaS composÃ© de 287 collaborateurs (147 sur Paris) qui dÃ©veloppe une plateforme de dÃ©tection des dÃ©clarations frauduleuses aux assurances grÃ¢ce Ã l'IA. Avec des agences Ã Boston, Tokyo, Singapour, Londres, Madrid, Zurich et Hong...;CDI ;Paris 12 - 75 ;Minimum 4 ans;60;65
RTM (REGIE DES TRANSPORTS METROPOLITAINS);42 - 47 k€ brut annuel ;Au sein du Département Marketing, vous administrez opérationnellement les bases de données relatives à nos réseaux de transport et nos marchés, les enrichissez et les exploitez opérationnellement. Vous les analysez afin d’élaborer des présentations, notes d’analyse et...;CDI ;Marseille 02 - 13 ;Minimum 3 ans;42;47
Seyos;A partir de 70 k€ brut annuel ;Notre client final, est un éditeur de logiciels SaaS composé de 387 collaborateurs (198 sur Paris) qui développe une plateforme de détection des déclarations frauduleuses aux assurances grâce à l'IA. Avec des agences à Boston, Tokyo, Singapour, Londres, Madrid, Zurich et Hong...;CDI ;Paris 12 - 75 ;Minimum 5 ans;70;70
Seyos;60 - 70 k€ brut annuel ;Notre client final, est un éditeur de logiciels SaaS composé de 387 collaborateurs (198 sur Paris) qui développe une plateforme de détection des déclarations frauduleuses aux assurances grâce à l'IA. Avec des agences à Boston, Tokyo, Singapour, Londres, Madrid, Zurich et Hong...;CDI ;Paris 12 - 75 ;Minimum 5 ans;60;70
SYLFEN;A partir de 50 k€ brut annuel ;Chez Sylfen, « l’énergie est au cœur de la civilisation humaine ».  Et le HUB, cela vous évoque quoi ? Il s’agit de solutions de gestion de l’énergie !  Rattaché au Directeur des Opérations, vous avez la responsabilité clé de poursuivre le développement de notre logiciel client...;CDI ;Grenoble - 38 ;Minimum 3 ans;50;50
Seyos;A partir de 70 k€ brut annuel ;Notre client final, est un Ã©diteur de logiciels SaaS composÃ© de 387 collaborateurs (198 sur Paris) qui dÃ©veloppe une plateforme de dÃ©tection des dÃ©clarations frauduleuses aux assurances grÃ¢ce Ã l'IA. Avec des agences Ã Boston, Tokyo, Singapour, Londres, Madrid, Zurich et...;CDI ;Paris 12 - 75 ;Minimum 5 ans;70;70
ADALTAS;A partir de 45 k€ brut annuel ;Afin d'accompagner le département recherche et dévelopement du leader du secteur de l'energie, nous recherchons un Big data engineer.  Vos missions :  Fiabiliser la MCO des différents services en ajoutant des fonctionnalités qui facilitent l’exploitation du système..  o Ajout de...;CDI ;Boulogne-Billancourt - 92 ;Minimum 2 ans;45;45
INSTITUT NATIONAL DE LA PROPRIETE INDUSTRIELLE;A partir de 19 k€ brut annuel ;"Contrat d'apprentissage de 12 mois en Data Science sur le thème : ""Identification et profilage des entreprises innovantes""  Une des missions principales de l’INPI est d’accompagner les entreprises dans la création, le développement et l’optimisation de leur stratégie...";CDD et Alternance – Contrat d'apprentissage ;Courbevoie - 92 ;Aucune expérience exigée;19;19
ENERGISME;38 - 45 k€ brut annuel ;?? Tu participeras, dans cette équipe, au développement sur Spark du produit technique.  Ce produit, c'est DATAMART : il a pour objectif d’effectuer des calculs sur de grandes quantités de données. Il s'agit d’un écosystème riche comprenant ElasticSearch, Cassandra, Kafka, HBase...;CDI ;Boulogne-Billancourt - 92 ;Minimum 1 an;38;45
BTI - ADVISORY;70 - 75 k€ brut annuel ;En tant qu’Architecte SI et Data, vous aurez pour principale mission de permettre à nos clients d’accélérer l’évolution de leurs SI pour répondre aux exigences du marché en termes d’innovation, de time to market et de transformation de leurs activités. En rejoignant notre...;CDI ;Levallois-Perret - 92 ;Minimum 8 ans;70;75
FRAMATOME;45 - 65 k€ brut annuel ;Ce poste est rattaché au responsable du domaine BUILD EUW, il a en charge la définition de l'architecture des services EUW. Vos missions : Accompagner les métiers afin de cadrer les besoins et structurer leur RoadMap de projets / technologiques et en particulier au niveau...;CDI ;Courbevoie - 92 ;Minimum 2 ans;45;65
UMANIS;30 - 50 k€ brut annuel ;Dans le cadre du développement de notre activité, nous recherchons un Consultant Big Data (H/F) pour intervenir auprès de nos clients à Lyon. Venez vivre une aventure à taille humaine en rejoignant notre équipe !  ?? Vos missions :  Recueillir les besoins métiers et des équipes...;CDI ;Lyon 09 - 69 ;Minimum 1 an;30;50
TALENTS RH;40 - 50 k€ brut annuel ;TALENTS RH, société de recrutement spécialisée Profils Rares & Hautes Compétences, recherche, pour l’un de ses partenaires, des Consultants Architectes Big Data F/H.      Missions :    · Apporter un autre regard et une très forte expertise technique  · Avoir de solides...;CDI ;Paris 01 - 75 ;Minimum 2 ans;40;50
TOHTEM IT;35 - 45 k€ brut annuel ;Nous recrutons un(e) Consultant Big Data (H/F) pour accompagner un de nos clients situé à Blagnac.  Intégré(e) à la DSI de notre client, vous travaillerez en collaboration avec une équipe d’une dizaine de consultant et vous apporterez votre contribution au projet.  Voici...;CDI ;Blagnac - 31 ;Minimum 2 ans;35;45
SCIENT;A partir de 45 k€ brut annuel ;Nous cherchons un (e) Consultant Big Data/Talend (H/F)  En coordination avec un architecte et aussi avec les chefs de projets et l'équipe delivery/run, le consultant proposera les solutions les plus adaptées aux besoins métiers qui lui seront soumis. Maîtrise des interfaces...;CDI ;Paris 01 - 75 ;Minimum 3 ans;45;45
Kaino Consulting;A partir de 35 k€ brut annuel ;"Mission :  Vous prenez un poste de Business / Data Analyst et accompagnez les interlocuteurs de votre domaine métier en participant notamment à :  La définition et la mesure des KPI; La mise en place et l'automatisation des rapports et des tableaux de bord pour le pilotage de...";CDI ;Paris 01 - 75 ;Minimum 2 ans;35;35
HARNHAM;90 - 110 k€ brut annuel ;"LE RÔLE :  Vous rapporterez directement au CTO et intégrerez l’équipe en tant que Head of Data :   Définir la stratégie Data. ; Manager une équipe de 10 personnes composées de 2 Data Scientists, 2 Data Engineers, 2 Data Analysts et 3 BI. ; Faire évoluer une équipe Data...";CDI ;Paris 02 - 75 ;Minimum 7 ans;90;110
Kaino Consulting;A partir de 45 k€ brut annuel ;"Mission :  Vous prenez un poste de Data Product Owner et participez au développement de la solution d'analyse, de prédiction et d'amélioration d'offre de mobilité   Parmi vos missions :  L'orientation des développements du produit (plateforme analytics); L'interaction avec les...";CDI ;Lyon 01 - 69 ;Minimum 3 ans;45;45
Kaino Consulting;A partir de 45 k€ brut annuel ;"Mission :  Vous prenez un poste de Data Product Owner et participez au développement de la solution d'analyse, de prédiction et d'amélioration d'offre de mobilité   Parmi vos missions :  L'orientation des développements du produit (plateforme analytics); L'interaction avec les...";CDI ;Paris 01 - 75 ;Minimum 3 ans;45;45
Rose Barkaoui;A partir de 38 k€ brut annuel ;Missions :  StarClay (ESN 100% Data) a gagné 3 gros projets pour la mise en œuvre et l'industrialisation de projets IA et Big Data. Nous recherchons donc 15-20 profils de Data Engineer (de junior à expert) pour nos clients.  Les principales activités sont :  Traitement batch de...;CDI ;Puteaux - 92 ;Tous niveaux d'expérience acceptés;38;38
DATAROCKSTARS;20 - 25 k€ brut annuel ;Nous sommes à la recherche d'un(e) alternant(e) en relation publique et média sociaux pour travailler sur l’administration quotidienne des réseaux sociaux, conceptualiser et produire du contenu afin de soutenir l’ensemble de la gestion de DATAROCKSTARS.AI. Le candidat idéal est...;CDD et Alternance – Contrat de professionnalisation ;Puteaux - 92 ;Minimum 1 an;20;25
CITECH;45 - 62 k€ brut annuel ;CITECH recrute ! ??  ? Si vous souhaitez apporter vos compétences dans la réalisation de différents projets, nous avons LA mission pour vous ! Nous recherchons en effet un(e) Data Analyst (H/F).  ?? Votre mission est pour un client reconnu dans le secteur bancaire, implanté dans...;CDI ;Aix-en-Provence - 13 ;Minimum 3 ans;45;62
PRICEWATERHOUSECOOPERS AUDIT;75 - 100 k€ brut annuel ;"Cette fonction s'inscrit dans le cadre du développement de l'utilisation de la Data chez PwC.   Le CDO est à la tête du Data Excellence Center, dont la responsabilité couvre les domaines :  ? Master & Metadata ;  ? Policies ;  ? Architecture Data ;  ? Reporting & Analytics ;  ?...";CDI ;Neuilly-sur-Seine - 92 ;Minimum 10 ans;75;100
DANEM PEOPLE FRANCE;85 - 90 k€ brut annuel ;Description du poste  Vous souhaitez mettre en œuvre et développer vos compétences en tant que « Product Owner Data & IA sur des projets à fort impact dans un marché en évolution rapide ?  Vous voulez travailler dans une équipe dynamique aussi passionnée que compétente et...;CDI ;Paris 01 - 75 ;Minimum 5 ans;85;90
FRG Technologie consulting;55 - 85 k€ brut annuel ;Description du poste et de l'entreprise :    Nous recherchons un(e) Data Science manager, chef de projet Data Science avec un bon background en data science ( minimum 4 ans) ou Data analyse.  Le poste consisterait à encadrer environ 4 personnes et à gérer plusieurs comptes...;CDI ;Paris 15 - 75 ;Minimum 5 ans;55;85
TEOLIA CONSULTING;A partir de 38 k€ brut annuel ;En tant que Data Engineer, tu accompagneras nos clients et leurs équipes sur la mise en place et l'enrichissement de leurs plateformes data centric au service de leur performance et optimisation opérationnelles.    Vos missions en tant que Data Engineer :  · Développer des flux...;CDI ;Neuilly-sur-Seine - 92 ;Minimum 1 an;38;38
UPMAN CONSULTING;30 - 45 k€ brut annuel ;????? ?? ?? ??? ?? ! ??  UpMan Consulting recrute plus que jamais ! C’est maintenant ou never !  Nous recherchons les futurs ambassadeurs Data Engineer, pour intervenir chez nos clients grands comptes de la métropole lilloise.    Tu travailleras dans une ambiance accueillante,...;CDI ;Lille - 59 ;Minimum 2 ans;30;45
PENELOPE KAVALIAUSKAS;A partir de 40 k€ brut annuel ;"Votre mission :  Concevoir, développer et tester des algorithmes de collecte et de traitement de gros volumes de données sous Scala, Python ou Java; Automatiser et optimiser les flux de données et leurs visualisations en dashboards; Industrialiser les traitements, la qualité et...";CDI ;Paris 08 - 75 ;Minimum 3 ans;40;40
INVIVOO Software;40 - 70 k€ brut annuel ;| Contexte  Le développeur Big Data contribue directement aux projets des directions métier (ex : fraude santé, multi équipements, pricing IARD, optimisation du lead management, fragilité auto, …) et à la construction du socle technique Big Data.   | Mission  Il a pour missions...;CDI ;Puteaux - 92 ;Minimum 3 ans;40;70
LEO INTERNATIONAL;45 - 75 k€ brut annuel ;over. Vous travaillerez avec une équipe composée de consultants, data scientists, créatifs et ingénieurs pour identifier les besoins de vos clients et définir des solutions innovantes. - Construire. Vous vous approprierez la solution du début à la fin. Vous gérerez à la fois la...;CDI ;Maroc ;Minimum 5 ans;45;75
UMANIS;30 - 50 k€ brut annuel ;Dans le cadre du développement de notre activité, nous recherchons des DATA ANALYST(H/F) pour intervenir auprès de nos clients.  ?? Vos missions :  Développer les activités de data science appliquées à l’IT : maintenance prédictive, efficacité opérationnelle, capacity management...;CDI ;Lyon 09 - 69 ;Minimum 2 ans;30;50
LE16IT;45 - 60 k€ brut annuel ;Dans le cadre de leur développement d'équipe, vous viendrez compléter cette dernière, composée de 6 ingénieurs DevOps, et participer au bon fonctionnement de ce groupe. Cette équipe est gérée par un Product Owner.  Votre objectif principal sera l'unification et l'automatisation...;CDI ;Courbevoie - 92 ;Minimum 2 ans;45;60
SCIENT;A partir de 50 k€ brut annuel ;Nous cherchons un (e) Data Engineer (H/F)    En tant que Data Engineer, votre mission sera de construire et d'étendre la plateforme de données de notre client, utilisée intensivement par toutes les équipes internes, en soutenant plusieurs domaines (BI, Data Insights, Products...;CDI ;Paris 08 - 75 ;Minimum 3 ans;50;50
ACTIVUS GROUP;45 - 50 k€ brut annuel ;Pour renforcer notre pôle IA & Big Data , nous recrutons en CDI un(e) Ingénieur Data expert Cloud Azure à Toulouse .   Votre rôle et vos principales missions si vous les acceptez !  Participer à des POCs (Proof Of Concept) ou POVs (Proof Of Value) permettant de valider les...;CDI ;Toulouse - 31 ;Minimum 3 ans;45;50
MINISTERE DES ARMEES;19 - 55 k€ brut annuel ;En collaboration avec les experts métiers des autres sous-directions de la DMAé, vous intervenez dans le cadre du MCO aéronautique en lien avec les 3 armées (terre, air, marine), la DGA, l’EMA et la DGNUM pour l’exécution des missions contribuant à amener la DMAé à devenir une...;CDI ;Mérignac - 33 ;Tous niveaux d'expérience acceptés;19;55
SCIENT;A partir de 45 k€ brut annuel ;Nous cherchons un (e) Data Engineer confirmé (H/F).     À ce titre, vous aurez pour missions :  - Concevoir des modèles efficaces pour stocker et analyser des téraoctets de données.  - Mettre en œuvre des flux d'acquisition et de transformation complexes.  - Construire des...;CDI ;Paris 08 - 75 ;Minimum 5 ans;45;45
EXTERNATIC;70 - 80 k€ brut annuel ;Le poste, en résumé  Data Valuation Manager H/F - CDI basée à Bruges - Télétravail partiel possible  Environnement global : Industriel innovant et ambitieux dans un contexte de forte croissance  Rémunération : rém ouverte    Le département Data Managment nouvellement créée sous...;CDI ;Bordeaux - 33 ;Aucune expérience exigée;70;80
SILKHOM;45 - 60 k€ brut annuel ;Au sein de l’équipe R&D de 26 personnes travaillant selon la méthodologie Agile (Extreme Programming/Scrum), vous élaborez des évolutions techniques sur la plateforme de l’entreprise.  Vos missions principales sont les suivantes :  -Implémenter et intégrer des solutions à...;CDI ;Grenoble - 38 ;Minimum 3 ans;45;60
SILKHOM;45 - 60 k€ brut annuel ;Au sein de l’équipe R&D de 26 personnes travaillant selon la méthodologie Agile (Extreme Programming/Scrum), vous élaborez des évolutions techniques sur la plateforme de l’entreprise.  Vos missions principales sont les suivantes :  -Implémenter et intégrer des solutions à...;CDI ;Échirolles - 38 ;Minimum 3 ans;45;60
Dagmara OLEJARCZYK-GONCALVES;32 - 40 k€ brut annuel ;Dans le cadre de notre croissance, nous renforçons la structure Recrutement de notre établissement de Paris.   Au cœur de l’activité de l’entreprise, le Pôle du Recrutement intervient sur la détection et le recrutement des talents de demain. Au sein de l’équipe, vous serez...;CDI ;Paris 16 - 75 ;Minimum 2 ans;32;40
CORSAIR System;A partir de 38 k€ brut annuel ;La société Aéronautique souhaite s'appuyer sur un prestataire compétent pour mener une série d'études, de construction, et d'amélioration des pipelines data pour le développement des services digitaux visant à valoriser les données industrielles générées par les activités du...;CDI ;Saclay - 91 ;Minimum 4 ans;38;38
Bigoud Technologies;30 - 40 k€ brut annuel ;En tant que développeur Java, vos missions seront les suivantes :  Participer à l'évolution du SI en place.  Développer des API JAVA.  Permettre la mise à disposition de données en travaillant autour de l'architecture technique.  Collaborer et communiquer avec les data...;CDI ;Brest - 29 ;Minimum 2 ans;30;40
FILIGRANE RECRUTEMENT;55 - 65 k€ brut annuel ;Dans le cadre de la croissance d'activité de notre client, nous recherchons un Lead Developer (F/H) passionné d’innovation digitale.  Plateformes tournées autour d’un projet commun : faciliter l’expérience utilisateur.  Au sein des équipes, les développeurs sont pleinement...;CDI ;Paris 12 - 75 ;Minimum 5 ans;55;65
John Paul;35 - 55 k€ brut annuel ;VOTRE MISSION  Vous aimez la donnée sous toutes ses formes (structurée et non structurée), de tous origines (conciergerie, web-analytique, CRM, téléphonie, réseaux sociaux, open data…), sur tout son cycle (collecte, transformation, utilisation, amélioration). La transmission de...;CDI ;Paris 03 - 75 ;Minimum 3 ans;35;55
TechByTech;45 - 50 k€ brut annuel ;"?? Votre quotidien en tant que DevOps :  Pour renforcer son équipe en charge du produit, notre client cherche à recruter un.e DevOps, dont les missions seront les suivantes :  Développer et maintenir à jour les pipelines GitOps de différents modules à forte composante; Data (ils...";CDI ;Paris 09 - 75 ;Minimum 1 an;45;50
HELLOWORK;35 - 45 k€ brut annuel ;L’activité EdTech du groupe Hellowork regroupe 2 plateformes incontournables : MaFormation.fr et Diplomeo.com qui réunissent 3 millions de visiteurs chaque mois.  70 collaborateurs accompagnent la montée en puissance de cette activité au sein du groupe dans un contexte de...;CDI ;Rennes - 35 ;Minimum 7 ans;35;45
TALENTS RH;55 - 60 k€ brut annuel ;Leader Européen en Cyber Sécurité, notre partenaire est un prestataire de services (conseil, audit, MSSP) et un éditeur de logiciels innovants : scanner de vulnérabilités et détecteur de menaces avancées par analyse comportementale.  Missions :  Intégré à l'équipe R&D, vous...;CDI ;Toulouse - 31 ;Minimum 5 ans;55;60
L2C;55 - 62 k€ brut annuel ;"Rattaché(e) au CTO, vous rejoindrez une équipe d’une dizaine de personnes (développeurs back, front, data scientist, QA, lead dev…)   Vous travaillerez au quotidien de façon étroite avec le Lead Backet les opérations; Vous interviendrez sur le moteur de la solution principale;...";CDI ;Paris 01 - 75 ;Minimum 5 ans;55;62
CAISSE CENTRALE DE MUTUALITE SOCIALE AGRICOLE;35 - 40 k€ brut annuel ;La personne retenue sera intégrée au sein d’une équipe de 4 personnes. Ses principales missions seront les suivantes :  Administrer et développer l’outil institutionnel de cartographie GéoMSA :  Mettre à jour les référentiels géographiques et les fonds de carte,  Alimenter...;CDD ;Bobigny - 93 ;Tous niveaux d'expérience acceptés;35;40
Eni Gas & Power France;40 - 50 k€ brut annuel ;Au sein de la BU DATA et en collaboration avec les autres membres de l’équipe (Data Engineer, Data Analyst, Data Scientist, Gouvernance de la donnée), vous serez :  Responsable de la mise en œuvre des traitements informatiques de collecte, de stockage et de transformation des...;CDI ;Levallois-Perret - 92 ;Minimum 5 ans;40;50
DOWO;50 - 61 k€ brut annuel ;Nous recherchons des Data Ingénieurs   Missions :  Conception de solutions permettant le traitement de volumes importants de pipelines données.  Ceux-ci doivent être suffisamment sécurisés et lisibles pour les Data Analysts et Data Scientists. Animation d’une équipe de...;CDI ;Paris 01 - 75 ;Minimum 4 ans;50;61
WEB-TRANSITION;30 - 34 k€ brut annuel ;"Vos missions :  En tant que Talent Acquisition Specialist, vous assurez et coordonnez l’activité recrutement de notre agence parisienne.  · Vous travaillez en collaboration avec les Business Manager à la compréhension et à l’analyse de leurs besoins ;  · Vous identifiez et...";CDI ;Boulogne-Billancourt - 92 ;Tous niveaux d'expérience acceptés;30;34
Effektiv;35 - 36 k€ brut annuel ;Rattaché au pôle digital compose de 3 développeurs aux profils variés (Full Stack / DevOps / Data Scientist Python ), tu participeras au développement de lensemble des plateformes digitales afin de répondre aux besoins des partenaires et adhérents.  Tu travailles en particulier...;CDI ;Lyon 01 - 69 ;Minimum 2 ans;35;36
Yupeek;40 - 60 k€ brut annuel ;Nous recherchons un(e) Ingénieur(e) DevOps F/H pour rejoindre notre équipe basée à Lyon , vous pourrez mettre en pratique vos acquis, développer de nouvelles compétences techniques et fonctionnelles. De ce fait, vous serez en charge des missions suivantes : Définir...;CDI ;Lyon 02 - 69 ;Tous niveaux d'expérience acceptés;40;60
GAC TECHNOLOGY;32 - 35 k€ brut annuel ;Tes principales missions seront les suivantes :  - Créer des scripts afin de mesurer la pertinence et la précision des données  - Participer au choix des technologies  - Concevoir et développer toutes les fonctionnalités techniques  - Créer et dérouler les tests de validation...;CDI ;Lyon 09 - 69 ;Minimum 2 ans;32;35
ARKADIA;34 - 44 k€ brut annuel ;Pour l'un de nos clients dans le secteur de l'énergie, nous recherchons notre futur collaborateur pour un poste d'appui au pilotage d'un projet de transformation SI planification, utilisé sur l'ensemble du parc de la DPN (Division de Production Nucléaire).  La personne sera en...;CDI ;Saint-Denis - 93 ;Tous niveaux d'expérience acceptés;34;44
HELLOWORK;34 - 42 k€ brut annuel ;Imaginez intégrer HelloWork : une entreprise française pionnière dans le digital, qui prône le partage d’expérience, la convivialité et l’agilité pour une meilleure performance !  Ajoutez un poste de Développeur web PHP vous offrant la possibilité de travailler sur VOTRE...;CDI ;Rennes - 35 ;Minimum 1 an;34;42
Work&You;40 - 50 k€ brut annuel ;"#çamatchentrenous  ? 5ème Laboratoire Pharmaceutique Vétérinaire Mondial ? Des projets innovants ? Poste 100% en télétravail  ?? "" L’aventure a commencé pour nous en 1999, nous sommes l'un des acteurs les plus dynamiques parmi les 10 principaux groupes pharmaceutiques...";CDI ;Bordeaux - 33 ;Minimum 1 an;40;50
Work&You;40 - 50 k€ brut annuel ;"#çamatchentrenous  ? 5ème Laboratoire Pharmaceutique Vétérinaire Mondial ? Des projets innovants ? Poste 100% en télétravail  ?? "" L’aventure a commencé pour nous en 1999, nous sommes l'un des acteurs les plus dynamiques parmi les 10 principaux groupes pharmaceutiques...";CDI ;Bordeaux - 33 ;Minimum 1 an;40;50
Work&You;40 - 50 k€ brut annuel ;"#çamatchentrenous  ? 5ème Laboratoire Pharmaceutique Vétérinaire Mondial ? Des projets innovants ? Poste 100% en télétravail  ?? "" L’aventure a commencé pour nous en 1999, nous sommes l'un des acteurs les plus dynamiques parmi les 10 principaux groupes pharmaceutiques...";CDI ;Bordeaux - 33 ;Minimum 1 an;40;50
Effektiv;45 - 50 k€ brut annuel ;Rattaché au pôle digital compose de 3 développeurs aux profils variés ( Full Stack / DevOps / Data Scientist Python ), tu participeras au développement de lensemble des plateformes digitales afin de répondre aux besoins des partenaires et adhérents.  Tu travailles en particulier...;CDI ;Lyon 01 - 69 ;Minimum 2 ans;45;50
LUCINE;A partir de 30 k€ brut annuel ;"Vos missions, sous la direction de la Responsable des essais cliniques :   Coordonner et suivre les études cliniques  Assurer le suivi des centres en France et à l’international,; Assurer le suivi des intervenants et des partenaires cliniques,; Reporter au Responsable des études...";CDI ;Bordeaux - 33 ;Minimum 2 ans;30;30
AQUANTIS;45 - 50 k€ brut annuel ;Au sein du pôle média, en collaboration directe avec les pôles Marketing, Edito et Design, vous serez en charge des achats d'espaces publicitaires du groupe et notamment du media digital pour les plateformes Web et mobiles de la marque. Vous serez notamment en charge des...;CDI ;Paris 01 - 75 ;Minimum 1 an;45;50
MARGO CONSEIL;40 - 70 k€ brut annuel ;?? Exemple de projet proposé par Margo :  En intégrant Margo, vous aurez le choix des missions sur lesquelles vous souhaitez travailler. Vous serez accompagné par notre équipe de Business Managers, dont le rôle est de rechercher le projet client qui correspondra le plus à vos...;CDI ;Paris 08 - 75 ;Minimum 1 an;40;70
NewNet3D;A partir de 30 k€ brut annuel ;Vos missions :  Afin d’orienter les équipes commerciales et marketing dans la prise de décisions stratégiques et à mettre en œuvre de manière efficiente l’ensemble des actions réalisées par les acteurs de promotion.  À ce titre, votre mission principale sera de comprendre les...;CDD ;Lille - 59 ;Tous niveaux d'expérience acceptés;30;30
LUCINE;A partir de 40 k€ brut annuel ;"Sous la responsabilité du CTO, vos missions seront :  Maintenir les conditions opérationnelles du SI, dans le but d’accompagner et de sécuriser l’entreprise..     Sécurité :  S’assurer de la sécurité du SI dans le respect des bonnes pratiques édictées par l’ANSSI,;...";CDI ;Bordeaux - 33 ;Minimum 5 ans;40;40
SILKHOM;35 - 45 k€ brut annuel ;Vous aurez pour responsabilités :  - Développer les fonctionnalités  - Intégrer les nouvelles fonctionnalités algorithmiques issues des travaux des Data Scientists  - Être force de proposition sur l’amélioration de l’architecture  - Elaborer les différentes phases de test  -...;CDI ;Grenoble - 38 ;Minimum 2 ans;35;45
COELIENCE;A partir de 80 k€ brut annuel ;Au sein de la Direction Pilotage et Rentabilité Technique, vous serez Responsable d'une équipe de 4 personnes et aurez la charge des missions suivantes :  1. Pilotage technique et renouvellement :  Le renouvellement annuel des contrats et le pilotage technique des risques sont...;CDI ;Paris 09 - 75 ;Minimum 8 ans;80;80
autobiz;A partir de 20 k€ brut annuel ;Dans le cadre du développement de ses activités, AUTOBIZ recherche un(e) Chef de projet digital. Rattaché(e) à la Business Unit « Digital Squad », vous participerez aux projets des activités B2B et B2C sur le marché français et européen, et vous assurerez une activité de conseil...;CDI ;Courbevoie - 92 ;Minimum 4 ans;20;20
autobiz;A partir de 20 k€ brut annuel ;Dans le cadre du développement de ses activités, AUTOBIZ recherche un(e) CHEF DE PROJET DIGITAL ADVANCED. Rattaché(e) à la Business Unit « Digital Squad », vous participerez aux projets des activités B2B et B2C sur le marché français et européen, et vous assurerez une activité...;CDI ;Courbevoie - 92 ;Minimum 4 ans;20;20
GROUPE PRINTEMPS;A partir de 35 k€ brut annuel ;Le Data Analyst Performances CRM aura pour mission d'accompagner les Ã©quipes CRM pour la mise en oeuvre de la stratÃ©gie de Marketing Relationnel afin d'Ãªtre garante de leur bonne exÃ©cution des campagnes et de l'optimisation continue de leurs performances. Â Vos missions :...;CDI ;Paris 09 - 75 ;Minimum 2 ans;35;35
INDEPBOX;42 - 48 k€ brut annuel ;Comwatt renforce son équipe de développement en 2021 pour offrir à ses utilisateurs toujours plus de fonctionnalités, de simplicité d’usage, de sécurité … et d’économies !   Vos missions :  Permettre à nos clients de monitorer et gérer à distance leur production photovoltaïque...;CDI ;Montpellier - 34 ;Minimum 5 ans;42;48
TechByTech;45 - 50 k€ brut annuel ;?? Votre quotidien en tant que Développeur.se :  Pour renforcer son équipe en charge de la collecte, la société cherche à recruter un(e) développeur, expert en scraping, dont les missions seront les suivantes :  Développement de nouveaux scrapers, de l’analyse préalable du site...;CDI ;Paris 09 - 75 ;Minimum 1 an;45;50
(Confidentielle);50 - 150 k€ brut annuel ;Nous recherchons pour plusieurs de nos clients au CANADA francophone et anglophone, des spécialistes Murex - analystes et développeurs.    Les missions assurées par les candidats retenus seront les suivantes :  L’analyse des besoins (Front to Back) des demandes d'évolutions...;CDI ;France Métropolitaine ;Minimum 3 ans;50;15
CNAV;37 - 38 k€ brut annuel ;Au sein de la Direction Statistique Prospective et Recherche, la sous-direction Appui Statistique à la branche est composée d’un responsable et de huit chargés d’études statistiques et data scientists. Elle a pour mission d’apporter des éléments d’aide à la décision aux...;CDI ;Paris 19 - 75 ;Tous niveaux d'expérience acceptés;37;38
ExactCure;38 - 50 k€ brut annuel ;En tant que développeur Full Stack au sein d’ExactCure, vous serez amené à accomplir différentes missions :  - Assurer le développement PHP/Laravel des applications d’ExactCure  - Assurer le développement Javascript de l’interface WEB d’ExaMed  - Assurer la rédaction de...;CDI ;Nice - 06 ;Minimum 4 ans;38;50
HELLOWORK;35 - 45 k€ brut annuel ;Avec le CPF, la recherche de Formation professionnelle est devenue un enjeu important pour plus de 20 millions de français.  Hellowork a développé la première plateforme de mise en relation en France, et mets en relation plus de 2 000 candidats par jour avec des organismes de...;CDI ;Rennes - 35 ;Aucune expérience exigée;35;45
DAVIDSON TRANSPORTS;32 - 46 k€ brut annuel ;Afin de renforcer nos équipes rennaises, nous recherchons un ingénieur Cloud Computing appliquée à l'IA.  Il aura pour mission d’industrialiser les solutions logicielles développées au sein d'un laboratoire d'Intelligence Artificielle. Celles-ci couvrent des domaines...;CDI ;Rennes - 35 ;Minimum 1 an;32;46
SILKHOM;35 - 45 k€ brut annuel ;Le projet : concevoir et développer le moteur de l’application principale de prédiction de pannes. Il s’agit d’une application permettant à la fois de produire des modèles prédictifs et de les exécuter en temps réel ou en temps différés pour détecter des défaillances et établir...;CDI ;Grenoble - 38 ;Minimum 2 ans;35;45
Epiconcept;35 - 45 k€ brut annuel ;Votre mission:  Sous la responsabilité du responsable de la BU Projet, vous êtes chargé.e d'installer et de paramétrer les applications et de les adapter aux exigences du client ainsi que de former et d’accompagner les administrateurs des applications. Vous assistez les Chefs de...;CDI ;Paris 11 - 75 ;Aucune expérience exigée;35;45
